13
d1 d d d
d2 d d d
tushar3 tushar tushar27156 tushar27156@gmail.com
raju4 raju raju raju@gmail.com
sdsdsd5 sdsdsd sds sdssds
tushar6 tushar tushar tu
f7 f f f
Tushar8 Tushar tushar tushar1997@gmail.com
Saifur9 Saifur saifur saifur80@gmail.com
Denis10 Denis denis denis@gmail.com
Asif11 Asif asif asif@gmail.com
hogor12 hogor aaaaaaa dgfdhfjfjfjfj
aula13 aula aula aula
